{"cameraMode":{"drawMode":0,"name":"Shaded","section":"Shading Mode"},"sceneLighting":false,"audioPlay":false,"sceneViewState":{"m_AlwaysRefresh":false,"showFog":true,"showSkybox":false,"showFlares":true,"showImageEffects":true,"showParticleSystems":true,"showVisualEffectGraphs":true,"m_FxEnabled":true},"in2DMode":false,"pivot":{"x":-0.059140801429748538,"y":2.5176279544830324,"z":-50.53485107421875},"rotation":{"x":0.026519056409597398,"y":-0.1872173696756363,"z":0.005056131165474653,"w":0.9819482564926148},"size":2.143450975418091,"orthographic":true}