{"cameraMode":{"drawMode":0,"name":"Shaded","section":"Shading Mode"},"sceneLighting":false,"audioPlay":false,"sceneViewState":{"m_AlwaysRefresh":false,"showFog":true,"showSkybox":false,"showFlares":true,"showImageEffects":true,"showParticleSystems":true,"showVisualEffectGraphs":true,"m_FxEnabled":true},"in2DMode":false,"pivot":{"x":-0.060773611068725589,"y":1.126524567604065,"z":0.0025953054428100588},"rotation":{"x":0.07041868567466736,"y":0.025728793814778329,"z":-0.00181752466596663,"w":0.9971894025802612},"size":1.5425838232040406,"orthographic":true}