{"cameraMode":{"drawMode":0,"name":"Shaded","section":"Shading Mode"},"sceneLighting":false,"audioPlay":false,"sceneViewState":{"m_AlwaysRefresh":false,"showFog":true,"showSkybox":false,"showFlares":true,"showImageEffects":true,"showParticleSystems":true,"showVisualEffectGraphs":true,"m_FxEnabled":true},"in2DMode":false,"pivot":{"x":-0.034884095191955569,"y":2.425811767578125,"z":-0.013843894004821778},"rotation":{"x":0.07041868567466736,"y":0.025728793814778329,"z":-0.00181752466596663,"w":0.9971894025802612},"size":3.000523805618286,"orthographic":true}