{"cameraMode":{"drawMode":0,"name":"Shaded","section":"Shading Mode"},"sceneLighting":true,"audioPlay":false,"sceneViewState":{"m_AlwaysRefresh":false,"showFog":true,"showSkybox":true,"showFlares":true,"showImageEffects":true,"showParticleSystems":true,"showVisualEffectGraphs":true,"m_FxEnabled":true},"in2DMode":false,"pivot":{"x":18.366390228271486,"y":0.3204534649848938,"z":-50.05169677734375},"rotation":{"x":-0.0014998302794992924,"y":0.014999441802501679,"z":0.000022518355763168074,"w":0.9998870491981506},"size":14.87848949432373,"orthographic":true}